<?xml version="1.0" encoding="UTF-8"?>
<!--
    JBoss, Home of Professional Open Source
    Copyright 2015, Red Hat, Inc. and/or its affiliates, and individual
    contributors by the @authors tag. See the copyright.txt in the
    distribution for a full listing of individual contributors.

    Licensed under the Apache License, Version 2.0 (the "License");
    you may not use this file except in compliance with the License.
    You may obtain a copy of the License at
    http://www.apache.org/licenses/LICENSE-2.0
    Unless required by applicable law or agreed to in writing, software
    distributed under the License is distributed on an "AS IS" BASIS,
    WITHOUT WARRANTIES OR CONDITIONS OF ANY KIND, either express or implied.
    See the License for the specific language governing permissions and
    limitations under the License.
-->

<job id="import-file" xmlns="https://jakarta.ee/xml/ns/jakartaee" xmlns:xsi="http://www.w3.org/2001/XMLSchema-instance"
    xsi:schemaLocation="https://jakarta.ee/xml/ns/jakartaee https://jakarta.ee/xml/ns/jakartaee/jobXML_2_0.xsd" version="2.0">
    <listeners>
        <listener ref="jobListener" />
    </listeners>
    <step id="import-file-chunk" next="reportBatchelet">
        <listeners>
            <listener ref="persistListener" />
        </listeners>
        <!-- The item-count specified the size of the chunk -->
        <chunk item-count="3">
            <reader ref="recordsReader">
                <properties>
                    <!--  Define how values are separated -->
                    <property name="separatorRegex" value="[|]" />
                    <property name="fileName" value="#{jobParameters['fileName']}" />
                </properties>
            </reader>
            <processor ref="contactFormatter" />
            <writer ref="contactsPersister" />
        </chunk>
    </step>
    <step id="reportBatchelet">
        <batchlet ref="reportBatchelet" />
        <end on="END" />
    </step>
</job>
