<?xml version="1.0"?>
<!--
    JBoss, Home of Professional Open Source
    Copyright 2015, Red Hat, Inc. and/or its affiliates, and individual
    contributors by the @authors tag. See the copyright.txt in the
    distribution for a full listing of individual contributors.

    Licensed under the Apache License, Version 2.0 (the "License");
    you may not use this file except in compliance with the License.
    You may obtain a copy of the License at
    http://www.apache.org/licenses/LICENSE-2.0
    Unless required by applicable law or agreed to in writing, software
    distributed under the License is distributed on an "AS IS" BASIS,
    WITHOUT WARRANTIES OR CONDITIONS OF ANY KIND, either express or implied.
    See the License for the specific language governing permissions and
    limitations under the License.
-->
<!-- This file is not required if you don't need any extra configuration. -->
<faces-config xmlns="http://xmlns.jcp.org/xml/ns/javaee"
              xmlns:xsi="http://www.w3.org/2001/XMLSchema-instance"
              xsi:schemaLocation="
                  https://jakarta.ee/xml/ns/jakartaee
                  https://jakarta.ee/xml/ns/jakartaee/web-facesconfig_4_0.xsd"
              version="4.0">

    <!-- This descriptor activates the JSF Servlet -->

    <!-- Write your navigation rules here. You are encouraged to use CDI
        for creating @Named managed beans. -->
    <application>
        <locale-config>
            <default-locale>en</default-locale>
            <supported-locale>en-US</supported-locale>
            <supported-locale>fr</supported-locale>
            <supported-locale>fr-FR</supported-locale>
            <supported-locale>es</supported-locale>
            <supported-locale>es-ES</supported-locale>
        </locale-config>
        <resource-bundle>
            <base-name>org/jboss/as/quickstarts/kitchensink/bundle/Resources</base-name>
            <var>bundle</var>
        </resource-bundle>
    </application>

</faces-config>
